file,commitId,CBO,WMC,DIT,NOC,RFC,LCOM,NOM,NOPM,NOSM,NOF,NOPF,NOSF,NOSI,LOC,isSmelly,IsBlob,IsClassDataSBP,IsComplexClass,IsFuncDecomp,IsSpaghettiCode,CBOslopeLast10,WMCslopeLast10,DITslopeLast10,NOCslopeLast10,RFCslopeLast10,LCOMslopeLast10,NOMslopeLast10,NOPMslopeLast10,NOSMslopeLast10,NOFslopeLast10,NOPFslopeLast10,NOSFslopeLast10,NOSIslopeLast10,LOCslopeLast10,CBOslopeAllPast,WMCslopeAllPast,DITslopeAllPast,NOCslopeAllPast,RFCslopeAllPast,LCOMslopeAllPast,NOMslopeAllPast,NOPMslopeAllPast,NOSMslopeAllPast,NOFslopeAllPast,NOPFslopeAllPast,NOSFslopeAllPast,NOSIslopeAllPast,LOCslopeAllPast,isSmellyIn15,IsBlobIn15,IsClassDataSBPIn15,IsComplexClassIn15,IsFuncDecompIn15,IsSpaghettiCodeIn15,isSmellyIn30,IsBlobIn30,IsClassDataSBPIn30,IsComplexClassIn30,IsFuncDecompIn30,IsSpaghettiCodeIn30,isSmellyIn45,IsBlobIn45,IsClassDataSBPIn45,IsComplexClassIn45,IsFuncDecompIn45,IsSpaghettiCodeIn45,isSmellyIn60,IsBlobIn60,IsClassDataSBPIn60,IsComplexClassIn60,IsFuncDecompIn60,IsSpaghettiCodeIn60,isSmellyIn75,IsBlobIn75,IsClassDataSBPIn75,IsComplexClassIn75,IsFuncDecompIn75,IsSpaghettiCodeIn75,isSmellyIn90,IsBlobIn90,IsClassDataSBPIn90,IsComplexClassIn90,IsFuncDecompIn90,IsSpaghettiCodeIn90,isSmellyIn105,IsBlobIn105,IsClassDataSBPIn105,IsComplexClassIn105,IsFuncDecompIn105,IsSpaghettiCodeIn105,isSmellyIn120,IsBlobIn120,IsClassDataSBPIn120,IsComplexClassIn120,IsFuncDecompIn120,IsSpaghettiCodeIn120,isSmellyIn135,IsBlobIn135,IsClassDataSBPIn135,IsComplexClassIn135,IsFuncDecompIn135,IsSpaghettiCodeIn135,isSmellyIn150,IsBlobIn150,IsClassDataSBPIn150,IsComplexClassIn150,IsFuncDecompIn150,IsSpaghettiCodeIn150,isSmellyIn165,IsBlobIn165,IsClassDataSBPIn165,IsComplexClassIn165,IsFuncDecompIn165,IsSpaghettiCodeIn165,isSmellyIn180,IsBlobIn180,IsClassDataSBPIn180,IsComplexClassIn180,IsFuncDecompIn180,IsSpaghettiCodeIn180,isSmellyIn195,IsBlobIn195,IsClassDataSBPIn195,IsComplexClassIn195,IsFuncDecompIn195,IsSpaghettiCodeIn195,isSmellyIn210,IsBlobIn210,IsClassDataSBPIn210,IsComplexClassIn210,IsFuncDecompIn210,IsSpaghettiCodeIn210
src.main.java.com.jsoniter.spi.ExtensionManager,138e771f8c00516085c0713e9b35d2f2b080ee20,10.0,104.0,1.0,0.0,68.0,331.0,27.0,18.0,27.0,4.0,0.0,4.0,33.0,291.0,false,false,false,false,false,false,0.0,0.72727,0.0,0.0,0.29091,10.61818,0.43636,0.29091,0.43636,0.14545,0.0,0.14545,0.14545,1.6,0.04926,1.21346,0.0,0.0,0.77285,4.7567,0.21648,0.11166,0.21648,0.02627,0.0,0.02627,0.07882,2.20389,fileNotPresentInCommit,fileNotPresentInCommit,fileNotPresentInCommit,fileNotPresentInCommit,fileNotPresentInCommit,fileNotPresentInCommit,fileNotPresentInCommit,fileNotPresentInCommit,fileNotPresentInCommit,fileNotPresentInCommit,fileNotPresentInCommit,fileNotPresentInCommit,-,-,-,-,-,-,-,-,-,-,-,-,-,-,-,-,-,-,fileNotPresentInCommit,fileNotPresentInCommit,fileNotPresentInCommit,fileNotPresentInCommit,fileNotPresentInCommit,fileNotPresentInCommit,fileNotPresentInCommit,fileNotPresentInCommit,fileNotPresentInCommit,fileNotPresentInCommit,fileNotPresentInCommit,fileNotPresentInCommit,-,-,-,-,-,-,-,-,-,-,-,-,-,-,-,-,-,-,-,-,-,-,-,-,-,-,-,-,-,-,-,-,-,-,-,-,-,-,-,-,-,-
src.test.java.com.jsoniter.TestString,138e771f8c00516085c0713e9b35d2f2b080ee20,3.0,7.0,2.0,0.0,7.0,21.0,7.0,7.0,0.0,0.0,0.0,0.0,8.0,42.0,false,false,false,false,false,false,0.0,0.0,0.0,0.0,0.0,0.0,0.0,0.0,0.0,0.0,0.0,0.0,0.0,0.0,0.0,0.03232,0.0,0.0,-0.01616,0.17778,0.03232,0.03232,0.0,0.0,0.0,0.0,0.01616,0.06408,false,false,false,false,false,false,false,false,false,false,false,false,-,-,-,-,-,-,-,-,-,-,-,-,-,-,-,-,-,-,false,false,false,false,false,false,false,false,false,false,false,false,-,-,-,-,-,-,-,-,-,-,-,-,-,-,-,-,-,-,-,-,-,-,-,-,-,-,-,-,-,-,-,-,-,-,-,-,-,-,-,-,-,-
demo.src.test.java.com.jsoniter.demo.SimpleObjectBinding,138e771f8c00516085c0713e9b35d2f2b080ee20,19.0,44.0,1.0,0.0,32.0,203.0,23.0,15.0,1.0,11.0,2.0,0.0,6.0,199.0,false,false,false,false,false,false,-0.14545,0.0,0.0,0.0,0.14545,0.0,0.0,0.0,0.0,0.0,0.0,0.0,0.29091,0.0,-0.13636,0.0,0.0,0.0,0.13636,0.0,0.0,0.0,0.0,0.0,0.0,0.0,0.27273,0.0,false,false,false,false,false,false,false,false,false,false,false,false,-,-,-,-,-,-,-,-,-,-,-,-,-,-,-,-,-,-,false,false,false,false,false,false,false,false,false,false,false,false,-,-,-,-,-,-,-,-,-,-,-,-,-,-,-,-,-,-,-,-,-,-,-,-,-,-,-,-,-,-,-,-,-,-,-,-,-,-,-,-,-,-
src.test.java.com.jsoniter.SimpleObject,138e771f8c00516085c0713e9b35d2f2b080ee20,1.0,10.0,1.0,0.0,2.0,0.0,2.0,2.0,0.0,2.0,2.0,0.0,0.0,18.0,false,false,false,false,false,false,0.0,0.0,0.0,0.0,0.0,0.0,0.0,0.0,0.0,0.0,0.0,0.0,0.0,0.0,0.0,0.0,0.0,0.0,0.0,0.0,0.0,0.0,0.0,0.0,0.0,0.0,0.0,0.0,false,false,false,false,false,false,false,false,false,false,false,false,-,-,-,-,-,-,-,-,-,-,-,-,-,-,-,-,-,-,false,false,false,false,false,false,false,false,false,false,false,false,-,-,-,-,-,-,-,-,-,-,-,-,-,-,-,-,-,-,-,-,-,-,-,-,-,-,-,-,-,-,-,-,-,-,-,-,-,-,-,-,-,-
demo.src.test.java.com.jsoniter.demo.ModelTest,138e771f8c00516085c0713e9b35d2f2b080ee20,15.0,6.0,1.0,0.0,12.0,0.0,6.0,6.0,1.0,8.0,2.0,0.0,0.0,72.0,false,false,false,false,false,false,2.5,0.5,0.0,0.0,1.5,0.0,0.5,0.5,0.0,1.0,0.0,0.0,0.0,6.5,2.5,0.5,0.0,0.0,1.5,0.0,0.5,0.5,0.0,1.0,0.0,0.0,0.0,6.5,false,false,false,false,false,false,false,false,false,false,false,false,-,-,-,-,-,-,-,-,-,-,-,-,-,-,-,-,-,-,false,false,false,false,false,false,false,false,false,false,false,false,-,-,-,-,-,-,-,-,-,-,-,-,-,-,-,-,-,-,-,-,-,-,-,-,-,-,-,-,-,-,-,-,-,-,-,-,-,-,-,-,-,-
src.main.java.com.jsoniter.ReflectionDecoderFactory,138e771f8c00516085c0713e9b35d2f2b080ee20,9.0,10.0,1.0,0.0,6.0,1.0,1.0,1.0,1.0,0.0,0.0,0.0,2.0,31.0,false,false,false,false,false,false,0.0,0.0,0.0,0.0,0.0,0.0,0.0,0.0,0.0,0.0,0.0,0.0,0.0,0.0,0.0,0.0,0.0,0.0,0.0,0.0,0.0,0.0,0.0,0.0,0.0,0.0,0.0,0.0,false,false,false,false,false,false,false,false,false,false,false,false,-,-,-,-,-,-,-,-,-,-,-,-,-,-,-,-,-,-,false,false,false,false,false,false,false,false,false,false,false,false,-,-,-,-,-,-,-,-,-,-,-,-,-,-,-,-,-,-,-,-,-,-,-,-,-,-,-,-,-,-,-,-,-,-,-,-,-,-,-,-,-,-
src.test.java.com.jsoniter.output.TestNative,138e771f8c00516085c0713e9b35d2f2b080ee20,2.0,15.0,2.0,0.0,10.0,0.0,15.0,15.0,0.0,2.0,0.0,0.0,0.0,83.0,false,false,false,false,false,false,0.0,0.8,0.0,0.0,0.4,0.0,0.8,0.8,0.0,0.0,0.0,0.0,0.0,4.0,0.0,0.8,0.0,0.0,0.4,0.0,0.8,0.8,0.0,0.0,0.0,0.0,0.0,4.0,false,false,false,false,false,false,false,false,false,false,false,false,-,-,-,-,-,-,-,-,-,-,-,-,-,-,-,-,-,-,false,false,false,false,false,false,false,false,false,false,false,false,-,-,-,-,-,-,-,-,-,-,-,-,-,-,-,-,-,-,-,-,-,-,-,-,-,-,-,-,-,-,-,-,-,-,-,-,-,-,-,-,-,-
src.main.java.com.jsoniter.Any,138e771f8c00516085c0713e9b35d2f2b080ee20,4.0,89.0,1.0,0.0,31.0,15.0,19.0,16.0,3.0,2.0,1.0,0.0,23.0,217.0,false,false,false,false,false,false,0.0,0.0,0.0,0.0,0.0,0.0,0.0,0.0,0.0,0.0,0.0,0.0,0.0,0.0,0.02502,0.12785,0.0,0.0,0.04799,0.23893,0.03186,0.03186,0.0,0.0,0.0,0.0,0.07482,0.38919,fileNotPresentInCommit,fileNotPresentInCommit,fileNotPresentInCommit,fileNotPresentInCommit,fileNotPresentInCommit,fileNotPresentInCommit,fileNotPresentInCommit,fileNotPresentInCommit,fileNotPresentInCommit,fileNotPresentInCommit,fileNotPresentInCommit,fileNotPresentInCommit,-,-,-,-,-,-,-,-,-,-,-,-,-,-,-,-,-,-,fileNotPresentInCommit,fileNotPresentInCommit,fileNotPresentInCommit,fileNotPresentInCommit,fileNotPresentInCommit,fileNotPresentInCommit,fileNotPresentInCommit,fileNotPresentInCommit,fileNotPresentInCommit,fileNotPresentInCommit,fileNotPresentInCommit,fileNotPresentInCommit,-,-,-,-,-,-,-,-,-,-,-,-,-,-,-,-,-,-,-,-,-,-,-,-,-,-,-,-,-,-,-,-,-,-,-,-,-,-,-,-,-,-
src.main.java.com.jsoniter.CodegenAccess,138e771f8c00516085c0713e9b35d2f2b080ee20,14.0,83.0,1.0,0.0,41.0,253.0,23.0,22.0,23.0,0.0,0.0,0.0,22.0,211.0,false,false,false,false,false,false,0.0,0.0,0.0,0.0,0.0,0.0,0.0,0.0,0.0,0.0,0.0,0.0,0.0,0.0,0.19128,0.76882,0.0,0.0,0.42756,3.33954,0.19693,0.19018,0.19693,0.0,0.0,0.0,0.26632,1.97821,false,false,false,false,false,false,false,false,false,false,false,false,-,-,-,-,-,-,-,-,-,-,-,-,-,-,-,-,-,-,false,false,false,false,false,false,false,false,false,false,false,false,-,-,-,-,-,-,-,-,-,-,-,-,-,-,-,-,-,-,-,-,-,-,-,-,-,-,-,-,-,-,-,-,-,-,-,-,-,-,-,-,-,-
demo.src.test.java.com.jsoniter.demo.IntegerOutput,138e771f8c00516085c0713e9b35d2f2b080ee20,11.0,6.0,1.0,0.0,15.0,0.0,6.0,6.0,1.0,5.0,0.0,0.0,0.0,63.0,false,false,false,false,false,false,0.0,0.0,0.0,0.0,0.0,0.0,0.0,0.0,0.0,0.0,0.0,0.0,0.0,0.0,0.0,0.0,0.0,0.0,0.0,0.0,0.0,0.0,0.0,0.0,0.0,0.0,0.0,0.0,false,false,false,false,false,false,false,false,false,false,false,false,-,-,-,-,-,-,-,-,-,-,-,-,-,-,-,-,-,-,false,false,false,false,false,false,false,false,false,false,false,false,-,-,-,-,-,-,-,-,-,-,-,-,-,-,-,-,-,-,-,-,-,-,-,-,-,-,-,-,-,-,-,-,-,-,-,-,-,-,-,-,-,-
src.main.java.com.jsoniter.spi.EmptyExtension,138e771f8c00516085c0713e9b35d2f2b080ee20,3.0,3.0,1.0,0.0,0.0,3.0,3.0,3.0,0.0,0.0,0.0,0.0,0.0,15.0,false,false,false,false,false,false,0.0,0.14545,0.0,0.0,0.0,0.29091,0.14545,0.14545,0.0,0.0,0.0,0.0,0.0,0.58182,0.0,0.02177,0.0,0.0,0.0,0.04355,0.02177,0.02177,0.0,0.0,0.0,0.0,0.0,0.0871,false,false,false,false,false,false,false,false,false,false,false,false,-,-,-,-,-,-,-,-,-,-,-,-,-,-,-,-,-,-,false,false,false,false,false,false,false,false,false,false,false,false,-,-,-,-,-,-,-,-,-,-,-,-,-,-,-,-,-,-,-,-,-,-,-,-,-,-,-,-,-,-,-,-,-,-,-,-,-,-,-,-,-,-
demo.src.main.java.com.jsoniter.demo.Demo,138e771f8c00516085c0713e9b35d2f2b080ee20,3.0,2.0,1.0,0.0,5.0,0.0,1.0,1.0,1.0,0.0,0.0,0.0,1.0,16.0,false,false,false,false,false,false,0.0,0.0,0.0,0.0,0.0,0.0,0.0,0.0,0.0,0.0,0.0,0.0,0.0,0.0,0.0,0.0,0.0,0.0,0.0,0.0,0.0,0.0,0.0,0.0,0.0,0.0,0.0,0.0,false,false,false,false,false,false,false,false,false,false,false,false,-,-,-,-,-,-,-,-,-,-,-,-,-,-,-,-,-,-,false,false,false,false,false,false,false,false,false,false,false,false,-,-,-,-,-,-,-,-,-,-,-,-,-,-,-,-,-,-,-,-,-,-,-,-,-,-,-,-,-,-,-,-,-,-,-,-,-,-,-,-,-,-
src.main.java.com.jsoniter.output.StreamImplNumber,138e771f8c00516085c0713e9b35d2f2b080ee20,3.0,51.0,1.0,0.0,9.0,5.0,6.0,4.0,6.0,8.0,0.0,8.0,3.0,195.0,false,false,false,false,false,false,0.0,0.0,0.0,0.0,0.0,0.0,0.0,0.0,0.0,0.0,0.0,0.0,0.0,0.0,0.0,0.0,0.0,0.0,0.0,0.0,0.0,0.0,0.0,0.0,0.0,0.0,0.0,0.0,false,false,false,false,false,false,false,false,false,false,false,false,-,-,-,-,-,-,-,-,-,-,-,-,-,-,-,-,-,-,false,false,false,false,false,false,false,false,false,false,false,false,-,-,-,-,-,-,-,-,-,-,-,-,-,-,-,-,-,-,-,-,-,-,-,-,-,-,-,-,-,-,-,-,-,-,-,-,-,-,-,-,-,-
src.test.java.com.jsoniter.TestGenerics,138e771f8c00516085c0713e9b35d2f2b080ee20,19.0,15.0,5.0,0.0,24.0,55.0,11.0,11.0,0.0,5.0,5.0,0.0,10.0,96.0,false,false,false,false,false,false,0.0,0.12727,0.0,0.0,0.0,0.0,0.0,0.0,0.0,0.0,0.0,0.0,0.0,0.12727,0.16253,0.12552,0.04378,0.0,0.10299,0.59573,0.07496,0.07496,0.0,0.07297,0.07297,0.0,0.0268,0.73084,false,false,false,false,false,false,false,false,false,false,false,false,-,-,-,-,-,-,-,-,-,-,-,-,-,-,-,-,-,-,false,false,false,false,false,false,false,false,false,false,false,false,-,-,-,-,-,-,-,-,-,-,-,-,-,-,-,-,-,-,-,-,-,-,-,-,-,-,-,-,-,-,-,-,-,-,-,-,-,-,-,-,-,-
src.main.java.com.jsoniter.output.JsonStream,138e771f8c00516085c0713e9b35d2f2b080ee20,4.0,60.0,2.0,0.0,30.0,432.0,32.0,31.0,0.0,6.0,0.0,3.0,11.0,183.0,false,false,false,false,false,false,0.01212,1.38182,0.0,0.0,0.60606,2.09091,0.16364,0.14545,0.01212,-0.09697,0.0,0.19394,-0.91515,1.89091,0.00832,0.32837,0.0,0.0,0.08819,1.87723,0.05821,0.04869,0.00635,-0.00175,0.0,0.04027,-0.10745,0.80687,false,false,false,false,false,false,false,false,false,false,false,false,-,-,-,-,-,-,-,-,-,-,-,-,-,-,-,-,-,-,false,false,false,false,false,false,false,false,false,false,false,false,-,-,-,-,-,-,-,-,-,-,-,-,-,-,-,-,-,-,-,-,-,-,-,-,-,-,-,-,-,-,-,-,-,-,-,-,-,-,-,-,-,-
src.main.java.com.jsoniter.CodegenImplObject,138e771f8c00516085c0713e9b35d2f2b080ee20,14.0,187.0,1.0,0.0,59.0,190.0,20.0,3.0,20.0,1.0,0.0,1.0,179.0,546.0,true,true,false,false,false,false,0.14545,5.76364,0.0,0.0,1.6,10.18182,0.58182,-0.29091,0.58182,0.0,0.0,0.0,4.18182,14.72727,0.27939,2.68459,0.0,0.0,0.3298,2.6302,0.19592,0.05878,0.19592,0.0,0.0,0.0,1.31265,5.43051,false,false,false,false,false,false,false,false,false,false,false,false,-,-,-,-,-,-,-,-,-,-,-,-,-,-,-,-,-,-,fileNotPresentInCommit,fileNotPresentInCommit,fileNotPresentInCommit,fileNotPresentInCommit,fileNotPresentInCommit,fileNotPresentInCommit,fileNotPresentInCommit,fileNotPresentInCommit,fileNotPresentInCommit,fileNotPresentInCommit,fileNotPresentInCommit,fileNotPresentInCommit,-,-,-,-,-,-,-,-,-,-,-,-,-,-,-,-,-,-,-,-,-,-,-,-,-,-,-,-,-,-,-,-,-,-,-,-,-,-,-,-,-,-
src.main.java.com.jsoniter.spi.ParameterizedTypeImpl,138e771f8c00516085c0713e9b35d2f2b080ee20,2.0,29.0,1.0,0.0,9.0,0.0,9.0,9.0,2.0,3.0,0.0,0.0,3.0,71.0,false,false,false,false,false,false,0.14545,1.45455,0.0,0.0,0.43636,0.0,0.29091,0.29091,0.29091,0.0,0.0,0.0,0.0,3.34545,0.05779,0.57792,0.0,0.0,0.17337,0.0,0.11558,0.11558,0.11558,0.0,0.0,0.0,0.0,1.32921,false,false,false,false,false,false,false,false,false,false,false,false,-,-,-,-,-,-,-,-,-,-,-,-,-,-,-,-,-,-,false,false,false,false,false,false,false,false,false,false,false,false,-,-,-,-,-,-,-,-,-,-,-,-,-,-,-,-,-,-,-,-,-,-,-,-,-,-,-,-,-,-,-,-,-,-,-,-,-,-,-,-,-,-
src.main.java.com.jsoniter.annotation.JacksonAnnotationSupport,138e771f8c00516085c0713e9b35d2f2b080ee20,7.0,24.0,3.0,0.0,7.0,66.0,4.0,1.0,1.0,0.0,0.0,0.0,4.0,83.0,false,false,false,false,false,false,0.0,0.25455,0.0,0.0,0.0,2.67273,0.0,0.0,0.0,0.0,0.0,0.0,0.0,1.14545,0.0,0.11404,0.0,0.0,0.02982,1.15263,0.0,0.0,0.0,0.0,0.0,0.0,0.0,0.49825,false,false,false,false,false,false,false,false,false,false,false,false,-,-,-,-,-,-,-,-,-,-,-,-,-,-,-,-,-,-,false,false,false,false,false,false,false,false,false,false,false,false,-,-,-,-,-,-,-,-,-,-,-,-,-,-,-,-,-,-,-,-,-,-,-,-,-,-,-,-,-,-,-,-,-,-,-,-,-,-,-,-,-,-
src.test.java.com.jsoniter.User,138e771f8c00516085c0713e9b35d2f2b080ee20,0.0,0.0,1.0,0.0,0.0,0.0,0.0,0.0,0.0,3.0,3.0,0.0,0.0,6.0,false,false,false,false,false,false,0.0,0.0,0.0,0.0,0.0,0.0,0.0,0.0,0.0,0.0,0.0,0.0,0.0,0.0,0.0,0.0,0.0,0.0,0.0,0.0,0.0,0.0,0.0,0.0,0.0,0.0,0.0,0.0,false,false,false,false,false,false,false,false,false,false,false,false,-,-,-,-,-,-,-,-,-,-,-,-,-,-,-,-,-,-,false,false,false,false,false,false,false,false,false,false,false,false,-,-,-,-,-,-,-,-,-,-,-,-,-,-,-,-,-,-,-,-,-,-,-,-,-,-,-,-,-,-,-,-,-,-,-,-,-,-,-,-,-,-
src.main.java.com.jsoniter.output.Codegen,138e771f8c00516085c0713e9b35d2f2b080ee20,6.0,20.0,1.0,0.0,28.0,3.0,3.0,1.0,3.0,1.0,0.0,1.0,13.0,80.0,false,false,false,false,false,false,0.0,0.0,0.0,0.0,0.0,0.0,0.0,0.0,0.0,0.0,0.0,0.0,0.0,0.0,0.02626,0.00131,0.0,0.0,0.03666,0.09191,-0.03064,-0.03064,-0.03064,-0.03064,0.0,-0.03064,0.11664,-0.00711,false,false,false,false,false,false,false,false,false,false,false,false,-,-,-,-,-,-,-,-,-,-,-,-,-,-,-,-,-,-,false,false,false,false,false,false,false,false,false,false,false,false,-,-,-,-,-,-,-,-,-,-,-,-,-,-,-,-,-,-,-,-,-,-,-,-,-,-,-,-,-,-,-,-,-,-,-,-,-,-,-,-,-,-
src.main.java.com.jsoniter.output.CodegenImplMap,138e771f8c00516085c0713e9b35d2f2b080ee20,0.0,10.0,1.0,0.0,6.0,1.0,2.0,1.0,2.0,0.0,0.0,0.0,19.0,52.0,false,false,false,false,false,false,0.0,0.0,0.0,0.0,0.0,0.0,0.0,0.0,0.0,0.0,0.0,0.0,0.0,0.0,0.0,0.0,0.0,0.0,0.0045,0.0,0.0,0.0,0.0,0.0,0.0,0.0,0.0045,0.00901,false,false,false,false,false,false,false,false,false,false,false,false,-,-,-,-,-,-,-,-,-,-,-,-,-,-,-,-,-,-,false,false,false,false,false,false,false,false,false,false,false,false,-,-,-,-,-,-,-,-,-,-,-,-,-,-,-,-,-,-,-,-,-,-,-,-,-,-,-,-,-,-,-,-,-,-,-,-,-,-,-,-,-,-
src.test.java.com.jsoniter.TestReflectionDecoder,138e771f8c00516085c0713e9b35d2f2b080ee20,6.0,3.0,3.0,0.0,7.0,0.0,3.0,3.0,0.0,2.0,0.0,0.0,6.0,32.0,false,false,false,false,false,false,0.0,0.0,0.0,0.0,0.0,0.0,0.0,0.0,0.0,0.0,0.0,0.0,0.0,0.0,0.0,0.0,0.0,0.0,0.0,0.0,0.0,0.0,0.0,0.0,0.0,0.0,0.0,0.0234,fileNotPresentInCommit,fileNotPresentInCommit,fileNotPresentInCommit,fileNotPresentInCommit,fileNotPresentInCommit,fileNotPresentInCommit,fileNotPresentInCommit,fileNotPresentInCommit,fileNotPresentInCommit,fileNotPresentInCommit,fileNotPresentInCommit,fileNotPresentInCommit,-,-,-,-,-,-,-,-,-,-,-,-,-,-,-,-,-,-,fileNotPresentInCommit,fileNotPresentInCommit,fileNotPresentInCommit,fileNotPresentInCommit,fileNotPresentInCommit,fileNotPresentInCommit,fileNotPresentInCommit,fileNotPresentInCommit,fileNotPresentInCommit,fileNotPresentInCommit,fileNotPresentInCommit,fileNotPresentInCommit,-,-,-,-,-,-,-,-,-,-,-,-,-,-,-,-,-,-,-,-,-,-,-,-,-,-,-,-,-,-,-,-,-,-,-,-,-,-,-,-,-,-
demo.src.test.java.com.jsoniter.demo.FieldMatching,138e771f8c00516085c0713e9b35d2f2b080ee20,18.0,9.0,1.0,0.0,16.0,2.0,5.0,5.0,1.0,17.0,10.0,0.0,8.0,117.0,false,false,false,false,false,false,0.0,0.0,0.0,0.0,0.0,0.0,0.0,0.0,0.0,0.0,0.0,0.0,0.0,0.0,0.0,0.0,0.0,0.0,0.0,0.0,0.0,0.0,0.0,0.0,0.0,0.0,0.0,0.0,false,false,false,false,false,false,false,false,false,false,false,false,-,-,-,-,-,-,-,-,-,-,-,-,-,-,-,-,-,-,false,false,false,false,false,false,false,false,false,false,false,false,-,-,-,-,-,-,-,-,-,-,-,-,-,-,-,-,-,-,-,-,-,-,-,-,-,-,-,-,-,-,-,-,-,-,-,-,-,-,-,-,-,-
src.test.java.com.jsoniter.TestCustomizeType,138e771f8c00516085c0713e9b35d2f2b080ee20,11.0,13.0,2.0,0.0,13.0,6.0,6.0,6.0,0.0,5.0,3.0,0.0,8.0,80.0,false,false,false,false,false,false,0.29091,0.14545,0.0,0.0,0.29091,0.72727,0.14545,0.14545,0.0,0.14545,0.14545,0.0,0.29091,1.6,0.01989,0.00994,0.0,0.0,0.01989,0.04972,0.00994,0.00994,0.0,0.00994,0.00994,0.0,0.01989,0.1975,false,false,false,false,false,false,false,false,false,false,false,false,-,-,-,-,-,-,-,-,-,-,-,-,-,-,-,-,-,-,false,false,false,false,false,false,false,false,false,false,false,false,-,-,-,-,-,-,-,-,-,-,-,-,-,-,-,-,-,-,-,-,-,-,-,-,-,-,-,-,-,-,-,-,-,-,-,-,-,-,-,-,-,-
src.test.java.com.jsoniter.output.TestObject,138e771f8c00516085c0713e9b35d2f2b080ee20,6.0,6.0,2.0,0.0,6.0,0.0,6.0,6.0,0.0,4.0,1.0,0.0,0.0,49.0,false,false,false,false,false,false,0.0,0.0,0.0,0.0,0.0,0.0,0.0,0.0,0.0,0.0,0.0,0.0,0.0,0.0,0.00853,0.00853,0.0,0.0,0.00427,0.0,0.00853,0.00853,0.0,0.0,0.0,0.0,0.0,0.05974,false,false,false,false,false,false,false,false,false,false,false,false,-,-,-,-,-,-,-,-,-,-,-,-,-,-,-,-,-,-,false,false,false,false,false,false,false,false,false,false,false,false,-,-,-,-,-,-,-,-,-,-,-,-,-,-,-,-,-,-,-,-,-,-,-,-,-,-,-,-,-,-,-,-,-,-,-,-,-,-,-,-,-,-
src.main.java.com.jsoniter.output.CodegenImplArray,138e771f8c00516085c0713e9b35d2f2b080ee20,0.0,14.0,1.0,0.0,10.0,6.0,4.0,2.0,4.0,0.0,0.0,0.0,28.0,67.0,false,false,false,false,false,false,0.0,0.0,0.0,0.0,0.0,0.0,0.0,0.0,0.0,0.0,0.0,0.0,0.0,0.0,0.0,0.00328,0.0,0.0,0.01215,-0.00952,6.6E-4,0.00405,6.6E-4,0.0,0.0,0.0,0.11478,0.1301,false,false,false,false,false,false,false,false,false,false,false,false,-,-,-,-,-,-,-,-,-,-,-,-,-,-,-,-,-,-,false,false,false,false,false,false,false,false,false,false,false,false,-,-,-,-,-,-,-,-,-,-,-,-,-,-,-,-,-,-,-,-,-,-,-,-,-,-,-,-,-,-,-,-,-,-,-,-,-,-,-,-,-,-
src.main.java.com.jsoniter.annotation.JsoniterAnnotationSupport,138e771f8c00516085c0713e9b35d2f2b080ee20,15.0,80.0,2.0,0.0,54.0,66.0,12.0,2.0,2.0,0.0,0.0,0.0,13.0,217.0,false,false,false,false,false,false,0.4,2.78182,0.0,0.0,1.83636,3.05455,0.29091,0.0,0.0,0.0,0.0,0.0,0.67273,6.54545,0.09056,0.83876,0.0,0.0,0.69006,1.41008,0.19556,-0.0568,0.0,0.0,0.0,0.0,0.08259,2.13939,false,false,false,false,false,false,false,false,false,false,false,false,-,-,-,-,-,-,-,-,-,-,-,-,-,-,-,-,-,-,false,false,false,false,false,false,false,false,false,false,false,false,-,-,-,-,-,-,-,-,-,-,-,-,-,-,-,-,-,-,-,-,-,-,-,-,-,-,-,-,-,-,-,-,-,-,-,-,-,-,-,-,-,-
src.main.java.com.jsoniter.Slice,138e771f8c00516085c0713e9b35d2f2b080ee20,2.0,16.0,1.0,0.0,2.0,0.0,8.0,8.0,2.0,3.0,3.0,0.0,1.0,50.0,false,false,false,false,false,false,0.0,0.0,0.0,0.0,0.0,0.0,0.0,0.0,0.0,0.0,0.0,0.0,0.0,0.0,0.0,-0.04196,0.0,0.0,-0.01049,0.0,0.0,0.0,0.0,0.0,0.0,0.0,0.0,-0.02098,false,false,false,false,false,false,false,false,false,false,false,false,-,-,-,-,-,-,-,-,-,-,-,-,-,-,-,-,-,-,false,false,false,false,false,false,false,false,false,false,false,false,-,-,-,-,-,-,-,-,-,-,-,-,-,-,-,-,-,-,-,-,-,-,-,-,-,-,-,-,-,-,-,-,-,-,-,-,-,-,-,-,-,-
src.test.java.com.jsoniter.output.TestNested,138e771f8c00516085c0713e9b35d2f2b080ee20,6.0,7.0,2.0,0.0,9.0,0.0,5.0,5.0,0.0,5.0,3.0,0.0,0.0,64.0,false,false,false,false,false,false,0.0,0.0,0.0,0.0,0.0,0.0,0.0,0.0,0.0,0.0,0.0,0.0,0.0,0.0,0.0,0.0,0.0,0.0,0.0,0.0,0.0,0.0,0.0,0.0,0.0,0.0,0.0,0.0,false,false,false,false,false,false,false,false,false,false,false,false,-,-,-,-,-,-,-,-,-,-,-,-,-,-,-,-,-,-,false,false,false,false,false,false,false,false,false,false,false,false,-,-,-,-,-,-,-,-,-,-,-,-,-,-,-,-,-,-,-,-,-,-,-,-,-,-,-,-,-,-,-,-,-,-,-,-,-,-,-,-,-,-
src.main.java.com.jsoniter.IterImplString,138e771f8c00516085c0713e9b35d2f2b080ee20,6.0,66.0,1.0,0.0,14.0,21.0,7.0,2.0,7.0,1.0,0.0,1.0,14.0,239.0,false,false,false,false,false,false,0.0,0.0,0.0,0.0,0.0,0.0,0.0,0.0,0.0,0.0,0.0,0.0,0.0,0.0,0.02881,0.0,0.0,0.0,0.0,0.0,0.0,0.0,0.0,0.0,0.0,0.0,0.0,0.0,false,false,false,false,false,false,false,false,false,false,false,false,-,-,-,-,-,-,-,-,-,-,-,-,-,-,-,-,-,-,false,false,false,false,false,false,false,false,false,false,false,false,-,-,-,-,-,-,-,-,-,-,-,-,-,-,-,-,-,-,-,-,-,-,-,-,-,-,-,-,-,-,-,-,-,-,-,-,-,-,-,-,-,-
src.main.java.com.jsoniter.Codegen,138e771f8c00516085c0713e9b35d2f2b080ee20,12.0,81.0,1.0,0.0,57.0,47.0,11.0,2.0,11.0,3.0,0.0,3.0,27.0,241.0,false,false,false,false,false,false,0.18788,3.86061,0.0,0.0,0.44242,1.46061,0.15152,0.0,0.15152,0.0,0.0,0.0,0.33333,8.67879,-0.01792,-0.87456,0.0,0.0,-0.50528,-1.45357,-0.17858,-0.04573,-0.17858,-0.031,0.0,-0.031,-2.57944,-4.80389,false,false,false,false,false,false,false,false,false,false,false,false,-,-,-,-,-,-,-,-,-,-,-,-,-,-,-,-,-,-,false,false,false,false,false,false,false,false,false,false,false,false,-,-,-,-,-,-,-,-,-,-,-,-,-,-,-,-,-,-,-,-,-,-,-,-,-,-,-,-,-,-,-,-,-,-,-,-,-,-,-,-,-,-
src.main.java.com.jsoniter.spi.GenericArrayTypeImpl,138e771f8c00516085c0713e9b35d2f2b080ee20,1.0,11.0,1.0,0.0,3.0,0.0,5.0,4.0,0.0,1.0,0.0,0.0,0.0,30.0,false,false,false,false,false,false,0.0,0.0,0.0,0.0,0.0,0.0,0.0,0.0,0.0,0.0,0.0,0.0,0.0,0.0,0.0,0.0,0.0,0.0,0.0,0.0,0.0,0.0,0.0,0.0,0.0,0.0,0.0,0.0,false,false,false,false,false,false,false,false,false,false,false,false,-,-,-,-,-,-,-,-,-,-,-,-,-,-,-,-,-,-,false,false,false,false,false,false,false,false,false,false,false,false,-,-,-,-,-,-,-,-,-,-,-,-,-,-,-,-,-,-,-,-,-,-,-,-,-,-,-,-,-,-,-,-,-,-,-,-,-,-,-,-,-,-
demo.src.test.java.com.jsoniter.demo.PrivateFieldBinding,138e771f8c00516085c0713e9b35d2f2b080ee20,16.0,11.0,1.0,0.0,19.0,28.0,8.0,6.0,1.0,8.0,0.0,0.0,7.0,95.0,false,false,false,false,false,false,0.0,0.43636,0.0,0.0,0.58182,1.16364,0.0,0.0,0.0,0.0,0.0,0.0,0.58182,2.18182,-0.00909,0.38182,0.0,0.0,0.51818,1.01818,0.0,0.0,0.0,0.0,0.0,0.0,0.51818,1.90909,false,false,false,false,false,false,false,false,false,false,false,false,-,-,-,-,-,-,-,-,-,-,-,-,-,-,-,-,-,-,false,false,false,false,false,false,false,false,false,false,false,false,-,-,-,-,-,-,-,-,-,-,-,-,-,-,-,-,-,-,-,-,-,-,-,-,-,-,-,-,-,-,-,-,-,-,-,-,-,-,-,-,-,-
src.main.java.com.jsoniter.spi.ClassDescriptor,138e771f8c00516085c0713e9b35d2f2b080ee20,3.0,5.0,1.0,0.0,1.0,0.0,2.0,2.0,0.0,9.0,9.0,0.0,0.0,33.0,false,false,false,false,false,false,0.0,0.0,0.0,0.0,0.0,0.0,0.0,0.0,0.0,0.29091,0.29091,0.0,0.0,0.29091,-0.00605,0.0,0.0,0.0,0.0,0.0,0.0,0.0,0.0,0.09073,0.09073,0.0,0.0,0.18508,true,false,true,false,false,false,true,false,true,false,false,false,-,-,-,-,-,-,-,-,-,-,-,-,-,-,-,-,-,-,true,false,true,false,false,false,true,false,true,false,false,false,-,-,-,-,-,-,-,-,-,-,-,-,-,-,-,-,-,-,-,-,-,-,-,-,-,-,-,-,-,-,-,-,-,-,-,-,-,-,-,-,-,-
src.test.java.com.jsoniter.output.TestCustomizeField,138e771f8c00516085c0713e9b35d2f2b080ee20,4.0,3.0,2.0,0.0,8.0,1.0,2.0,2.0,0.0,3.0,1.0,0.0,2.0,31.0,false,false,false,false,false,false,0.0,0.0,0.0,0.0,0.0,0.0,0.0,0.0,0.0,0.0,0.0,0.0,0.0,0.0,0.0,0.0,0.0,0.0,0.0,0.0,0.0,0.0,0.0,0.0,0.0,0.0,0.0,0.0,false,false,false,false,false,false,false,false,false,false,false,false,-,-,-,-,-,-,-,-,-,-,-,-,-,-,-,-,-,-,false,false,false,false,false,false,false,false,false,false,false,false,-,-,-,-,-,-,-,-,-,-,-,-,-,-,-,-,-,-,-,-,-,-,-,-,-,-,-,-,-,-,-,-,-,-,-,-,-,-,-,-,-,-
src.main.java.com.jsoniter.output.CodegenImplNative,138e771f8c00516085c0713e9b35d2f2b080ee20,3.0,11.0,1.0,0.0,10.0,6.0,4.0,4.0,2.0,1.0,1.0,1.0,5.0,46.0,false,false,false,false,false,false,0.0,0.0,0.0,0.0,0.0,0.0,0.0,0.0,0.0,0.0,0.0,0.0,0.0,0.0,0.02489,0.09625,0.0,0.0,0.08796,0.11451,0.04647,0.04647,0.0166,0.0,0.0,0.0,0.04149,0.41702,false,false,false,false,false,false,false,false,false,false,false,false,-,-,-,-,-,-,-,-,-,-,-,-,-,-,-,-,-,-,false,false,false,false,false,false,false,false,false,false,false,false,-,-,-,-,-,-,-,-,-,-,-,-,-,-,-,-,-,-,-,-,-,-,-,-,-,-,-,-,-,-,-,-,-,-,-,-,-,-,-,-,-,-
src.main.java.com.jsoniter.spi.Extension,138e771f8c00516085c0713e9b35d2f2b080ee20,2.0,3.0,1.0,0.0,0.0,3.0,3.0,0.0,0.0,0.0,0.0,0.0,0.0,25.0,false,false,false,false,false,false,0.0,0.14545,0.0,0.0,0.0,0.29091,0.14545,0.0,0.0,0.0,0.0,0.0,0.0,1.01818,0.0,0.02177,0.0,0.0,0.0,0.04355,0.02177,0.0,0.0,0.0,0.0,0.0,0.0,0.15242,false,false,false,false,false,false,false,false,false,false,false,false,-,-,-,-,-,-,-,-,-,-,-,-,-,-,-,-,-,-,false,false,false,false,false,false,false,false,false,false,false,false,-,-,-,-,-,-,-,-,-,-,-,-,-,-,-,-,-,-,-,-,-,-,-,-,-,-,-,-,-,-,-,-,-,-,-,-,-,-,-,-,-,-
demo.src.test.java.com.jsoniter.demo.ArrayBinding,138e771f8c00516085c0713e9b35d2f2b080ee20,17.0,15.0,1.0,0.0,19.0,43.0,11.0,7.0,1.0,7.0,0.0,0.0,2.0,103.0,false,false,false,false,false,false,0.14545,0.87273,0.0,0.0,0.29091,2.18182,0.29091,0.14545,0.0,0.0,0.0,0.0,-0.43636,3.92727,0.12727,0.76364,0.0,0.0,0.25455,1.90909,0.25455,0.12727,0.0,0.0,0.0,0.0,-0.38182,3.43636,false,false,false,false,false,false,false,false,false,false,false,false,-,-,-,-,-,-,-,-,-,-,-,-,-,-,-,-,-,-,false,false,false,false,false,false,false,false,false,false,false,false,-,-,-,-,-,-,-,-,-,-,-,-,-,-,-,-,-,-,-,-,-,-,-,-,-,-,-,-,-,-,-,-,-,-,-,-,-,-,-,-,-,-
src.main.java.com.jsoniter.ReflectionArrayDecoder,138e771f8c00516085c0713e9b35d2f2b080ee20,3.0,17.0,1.0,0.0,10.0,0.0,2.0,2.0,0.0,2.0,0.0,0.0,32.0,67.0,false,false,false,false,false,false,0.0,0.0,0.0,0.0,0.11667,0.0,0.0,0.0,0.0,0.0,0.0,0.0,0.11667,0.11667,0.0,0.0,0.0,0.0,0.11667,0.0,0.0,0.0,0.0,0.0,0.0,0.0,0.11667,0.11667,false,false,false,false,false,false,false,false,false,false,false,false,-,-,-,-,-,-,-,-,-,-,-,-,-,-,-,-,-,-,false,false,false,false,false,false,false,false,false,false,false,false,-,-,-,-,-,-,-,-,-,-,-,-,-,-,-,-,-,-,-,-,-,-,-,-,-,-,-,-,-,-,-,-,-,-,-,-,-,-,-,-,-,-
src.test.java.com.jsoniter.TestAnnotation,138e771f8c00516085c0713e9b35d2f2b080ee20,27.0,28.0,2.0,0.0,30.0,0.0,24.0,22.0,1.0,16.0,12.0,0.0,23.0,203.0,false,false,false,false,false,false,1.90909,1.81818,0.0,0.0,2.4,0.30909,1.49091,1.49091,-0.12727,1.27273,1.25455,0.0,1.78182,14.36364,0.20934,0.24643,0.0,0.0,0.14552,-0.00131,0.22066,0.18412,0.03384,0.13905,0.06452,0.0,0.11805,1.53279,false,false,false,false,false,false,false,false,false,false,false,false,-,-,-,-,-,-,-,-,-,-,-,-,-,-,-,-,-,-,false,false,false,false,false,false,false,false,false,false,false,false,-,-,-,-,-,-,-,-,-,-,-,-,-,-,-,-,-,-,-,-,-,-,-,-,-,-,-,-,-,-,-,-,-,-,-,-,-,-,-,-,-,-
src.main.java.com.jsoniter.output.CodegenAccess,138e771f8c00516085c0713e9b35d2f2b080ee20,1.0,1.0,1.0,0.0,2.0,0.0,1.0,1.0,1.0,0.0,0.0,0.0,1.0,8.0,false,false,false,false,false,false,0.0,0.0,0.0,0.0,0.0,0.0,0.0,0.0,0.0,0.0,0.0,0.0,0.0,0.0,0.0,0.0,0.0,0.0,0.0,0.0,0.0,0.0,0.0,0.0,0.0,0.0,0.0,0.0,false,false,false,false,false,false,false,false,false,false,false,false,-,-,-,-,-,-,-,-,-,-,-,-,-,-,-,-,-,-,false,false,false,false,false,false,false,false,false,false,false,false,-,-,-,-,-,-,-,-,-,-,-,-,-,-,-,-,-,-,-,-,-,-,-,-,-,-,-,-,-,-,-,-,-,-,-,-,-,-,-,-,-,-
src.main.java.com.jsoniter.StaticCodeGenerator,138e771f8c00516085c0713e9b35d2f2b080ee20,2.0,3.0,1.0,0.0,7.0,0.0,1.0,1.0,1.0,0.0,0.0,0.0,2.0,16.0,false,false,false,false,false,false,0.0,0.0,0.0,0.0,0.0,0.0,0.0,0.0,0.0,0.0,0.0,0.0,0.0,0.0,0.0,0.0,0.0,0.0,0.0,0.0,0.0,0.0,0.0,0.0,0.0,0.0,0.0,0.0,false,false,false,false,false,false,false,false,false,false,false,false,-,-,-,-,-,-,-,-,-,-,-,-,-,-,-,-,-,-,false,false,false,false,false,false,false,false,false,false,false,false,-,-,-,-,-,-,-,-,-,-,-,-,-,-,-,-,-,-,-,-,-,-,-,-,-,-,-,-,-,-,-,-,-,-,-,-,-,-,-,-,-,-
src.test.java.com.jsoniter.output.TestArray,138e771f8c00516085c0713e9b35d2f2b080ee20,5.0,8.0,2.0,0.0,9.0,0.0,8.0,8.0,0.0,2.0,0.0,0.0,0.0,56.0,false,false,false,false,false,false,0.0,0.0,0.0,0.0,0.0,0.0,0.0,0.0,0.0,0.0,0.0,0.0,0.0,0.0,0.01981,0.03961,0.0,0.0,0.02385,0.0,0.03961,0.03961,0.0,0.0,0.0,0.0,0.0,0.23449,false,false,false,false,false,false,false,false,false,false,false,false,-,-,-,-,-,-,-,-,-,-,-,-,-,-,-,-,-,-,false,false,false,false,false,false,false,false,false,false,false,false,-,-,-,-,-,-,-,-,-,-,-,-,-,-,-,-,-,-,-,-,-,-,-,-,-,-,-,-,-,-,-,-,-,-,-,-,-,-,-,-,-,-
demo.src.test.java.com.jsoniter.demo.StringOutput,138e771f8c00516085c0713e9b35d2f2b080ee20,11.0,6.0,1.0,0.0,15.0,0.0,6.0,6.0,1.0,5.0,0.0,0.0,0.0,63.0,false,false,false,false,false,false,0.0,0.0,0.0,0.0,0.28571,0.0,0.0,0.0,0.0,0.0,0.0,0.0,0.0,0.28571,0.0,0.0,0.0,0.0,0.28571,0.0,0.0,0.0,0.0,0.0,0.0,0.0,0.0,0.28571,false,false,false,false,false,false,false,false,false,false,false,false,-,-,-,-,-,-,-,-,-,-,-,-,-,-,-,-,-,-,false,false,false,false,false,false,false,false,false,false,false,false,-,-,-,-,-,-,-,-,-,-,-,-,-,-,-,-,-,-,-,-,-,-,-,-,-,-,-,-,-,-,-,-,-,-,-,-,-,-,-,-,-,-
src.test.java.com.jsoniter.TestReadAny,138e771f8c00516085c0713e9b35d2f2b080ee20,3.0,3.0,2.0,0.0,7.0,3.0,3.0,3.0,0.0,0.0,0.0,0.0,3.0,18.0,false,false,false,false,false,false,0.0,0.0,0.0,0.0,0.0,0.0,0.0,0.0,0.0,0.0,0.0,0.0,0.0,0.0,0.0,0.0,0.0,0.0,0.0,0.0,0.0,0.0,0.0,0.0,0.0,0.0,0.0,0.0,false,false,false,false,false,false,false,false,false,false,false,false,-,-,-,-,-,-,-,-,-,-,-,-,-,-,-,-,-,-,false,false,false,false,false,false,false,false,false,false,false,false,-,-,-,-,-,-,-,-,-,-,-,-,-,-,-,-,-,-,-,-,-,-,-,-,-,-,-,-,-,-,-,-,-,-,-,-,-,-,-,-,-,-
src.main.java.com.jsoniter.IterImplSkip,138e771f8c00516085c0713e9b35d2f2b080ee20,3.0,72.0,1.0,0.0,8.0,15.0,6.0,1.0,6.0,1.0,0.0,1.0,7.0,183.0,false,false,false,false,false,false,0.0,0.0,0.0,0.0,0.0,0.0,0.0,0.0,0.0,0.0,0.0,0.0,0.0,0.0,0.02881,0.0,0.0,0.0,0.0,0.0,0.0,0.0,0.0,0.0,0.0,0.0,0.0,0.0,false,false,false,false,false,false,false,false,false,false,false,false,-,-,-,-,-,-,-,-,-,-,-,-,-,-,-,-,-,-,false,false,false,false,false,false,false,false,false,false,false,false,-,-,-,-,-,-,-,-,-,-,-,-,-,-,-,-,-,-,-,-,-,-,-,-,-,-,-,-,-,-,-,-,-,-,-,-,-,-,-,-,-,-
demo.src.test.java.com.jsoniter.demo.SetterBinding,138e771f8c00516085c0713e9b35d2f2b080ee20,16.0,17.0,1.0,0.0,19.0,47.0,11.0,9.0,1.0,8.0,0.0,0.0,7.0,101.0,false,false,false,false,false,false,0.0,0.0,0.0,0.0,0.14545,0.0,0.0,0.0,0.0,0.0,0.0,0.0,0.29091,0.0,0.0,0.0,0.0,0.0,0.13636,0.0,0.0,0.0,0.0,0.0,0.0,0.0,0.27273,-0.18182,false,false,false,false,false,false,false,false,false,false,false,false,-,-,-,-,-,-,-,-,-,-,-,-,-,-,-,-,-,-,false,false,false,false,false,false,false,false,false,false,false,false,-,-,-,-,-,-,-,-,-,-,-,-,-,-,-,-,-,-,-,-,-,-,-,-,-,-,-,-,-,-,-,-,-,-,-,-,-,-,-,-,-,-
src.main.java.com.jsoniter.JsonIterator,138e771f8c00516085c0713e9b35d2f2b080ee20,10.0,105.0,1.0,0.0,37.0,704.0,41.0,37.0,4.0,10.0,0.0,1.0,21.0,348.0,false,false,false,false,false,false,0.0,0.0,0.0,0.0,0.0,0.0,0.0,0.0,0.0,0.0,0.0,0.0,0.0,0.0,-0.02723,0.1225,0.0,0.0,0.0437,0.99544,0.02569,0.02569,-0.13373,0.04749,0.0,0.0,-0.1296,0.68298,false,false,false,false,false,false,false,false,false,false,false,false,-,-,-,-,-,-,-,-,-,-,-,-,-,-,-,-,-,-,false,false,false,false,false,false,false,false,false,false,false,false,-,-,-,-,-,-,-,-,-,-,-,-,-,-,-,-,-,-,-,-,-,-,-,-,-,-,-,-,-,-,-,-,-,-,-,-,-,-,-,-,-,-
src.test.java.com.jsoniter.output.TestMap,138e771f8c00516085c0713e9b35d2f2b080ee20,3.0,4.0,2.0,0.0,7.0,0.0,4.0,4.0,0.0,2.0,0.0,0.0,0.0,32.0,false,false,false,false,false,false,0.0,0.0,0.0,0.0,0.0,0.0,0.0,0.0,0.0,0.0,0.0,0.0,0.0,0.0,0.0,0.0,0.0,0.0,0.0,0.0,0.0,0.0,0.0,0.0,0.0,0.0,0.0,0.0,false,false,false,false,false,false,false,false,false,false,false,false,-,-,-,-,-,-,-,-,-,-,-,-,-,-,-,-,-,-,false,false,false,false,false,false,false,false,false,false,false,false,-,-,-,-,-,-,-,-,-,-,-,-,-,-,-,-,-,-,-,-,-,-,-,-,-,-,-,-,-,-,-,-,-,-,-,-,-,-,-,-,-,-
src.test.java.com.jsoniter.TestDemo,138e771f8c00516085c0713e9b35d2f2b080ee20,11.0,17.0,2.0,0.0,20.0,26.0,6.0,6.0,0.0,1.0,1.0,0.0,8.0,80.0,false,false,false,false,false,false,0.0,0.0,0.0,0.0,0.0,0.0,0.0,0.0,0.0,0.0,0.0,0.0,0.0,0.0,0.10801,0.20077,0.0,0.0,0.1433,0.29249,0.01825,0.01825,0.0,0.01802,0.01802,0.0,0.05205,0.7757,false,false,false,false,false,false,false,false,false,false,false,false,-,-,-,-,-,-,-,-,-,-,-,-,-,-,-,-,-,-,false,false,false,false,false,false,false,false,false,false,false,false,-,-,-,-,-,-,-,-,-,-,-,-,-,-,-,-,-,-,-,-,-,-,-,-,-,-,-,-,-,-,-,-,-,-,-,-,-,-,-,-,-,-
src.main.java.com.jsoniter.ReflectionCollectionDecoder,138e771f8c00516085c0713e9b35d2f2b080ee20,4.0,10.0,1.0,0.0,10.0,1.0,3.0,2.0,0.0,2.0,0.0,0.0,3.0,42.0,false,false,false,false,false,false,0.0,0.25,0.0,0.0,0.25,0.0,0.0,0.0,0.0,0.0,0.0,0.0,0.08333,0.83333,0.0,0.25,0.0,0.0,0.25,0.0,0.0,0.0,0.0,0.0,0.0,0.0,0.08333,0.83333,false,false,false,false,false,false,false,false,false,false,false,false,-,-,-,-,-,-,-,-,-,-,-,-,-,-,-,-,-,-,false,false,false,false,false,false,false,false,false,false,false,false,-,-,-,-,-,-,-,-,-,-,-,-,-,-,-,-,-,-,-,-,-,-,-,-,-,-,-,-,-,-,-,-,-,-,-,-,-,-,-,-,-,-
demo.src.main.java.decoder.int_array,138e771f8c00516085c0713e9b35d2f2b080ee20,3.0,15.0,1.0,0.0,6.0,1.0,2.0,2.0,1.0,0.0,0.0,0.0,8.0,40.0,false,false,false,false,false,false,0.0,0.0,0.0,0.0,0.0,0.0,0.0,0.0,0.0,0.0,0.0,0.0,0.0,0.0,0.0,0.0,0.0,0.0,0.0,0.0,0.0,0.0,0.0,0.0,0.0,0.0,0.0,0.0,fileNotPresentInCommit,fileNotPresentInCommit,fileNotPresentInCommit,fileNotPresentInCommit,fileNotPresentInCommit,fileNotPresentInCommit,false,false,false,false,false,false,-,-,-,-,-,-,-,-,-,-,-,-,-,-,-,-,-,-,false,false,false,false,false,false,false,false,false,false,false,false,-,-,-,-,-,-,-,-,-,-,-,-,-,-,-,-,-,-,-,-,-,-,-,-,-,-,-,-,-,-,-,-,-,-,-,-,-,-,-,-,-,-
demo.src.test.java.com.jsoniter.demo.MapBinding,138e771f8c00516085c0713e9b35d2f2b080ee20,16.0,9.0,1.0,0.0,16.0,28.0,9.0,6.0,1.0,7.0,0.0,0.0,2.0,77.0,false,false,false,false,false,false,0.0,0.0,0.0,0.0,0.0,0.0,0.0,0.0,0.0,0.0,0.0,0.0,0.0,0.0,0.0,0.0,0.0,0.0,0.0,0.0,0.0,0.0,0.0,0.0,0.0,0.0,0.0,0.0,false,false,false,false,false,false,false,false,false,false,false,false,-,-,-,-,-,-,-,-,-,-,-,-,-,-,-,-,-,-,false,false,false,false,false,false,false,false,false,false,false,false,-,-,-,-,-,-,-,-,-,-,-,-,-,-,-,-,-,-,-,-,-,-,-,-,-,-,-,-,-,-,-,-,-,-,-,-,-,-,-,-,-,-
demo.src.main.java.decoder.com.jsoniter.demo.codegen.User,138e771f8c00516085c0713e9b35d2f2b080ee20,3.0,14.0,1.0,0.0,10.0,1.0,2.0,2.0,1.0,0.0,0.0,0.0,10.0,37.0,false,false,false,false,false,false,0.0,0.0,0.0,0.0,0.0,0.0,0.0,0.0,0.0,0.0,0.0,0.0,0.0,0.0,0.0,0.0,0.0,0.0,0.0,0.0,0.0,0.0,0.0,0.0,0.0,0.0,0.0,0.0,fileNotPresentInCommit,fileNotPresentInCommit,fileNotPresentInCommit,fileNotPresentInCommit,fileNotPresentInCommit,fileNotPresentInCommit,fileNotPresentInCommit,fileNotPresentInCommit,fileNotPresentInCommit,fileNotPresentInCommit,fileNotPresentInCommit,fileNotPresentInCommit,-,-,-,-,-,-,-,-,-,-,-,-,-,-,-,-,-,-,fileNotPresentInCommit,fileNotPresentInCommit,fileNotPresentInCommit,fileNotPresentInCommit,fileNotPresentInCommit,fileNotPresentInCommit,fileNotPresentInCommit,fileNotPresentInCommit,fileNotPresentInCommit,fileNotPresentInCommit,fileNotPresentInCommit,fileNotPresentInCommit,-,-,-,-,-,-,-,-,-,-,-,-,-,-,-,-,-,-,-,-,-,-,-,-,-,-,-,-,-,-,-,-,-,-,-,-,-,-,-,-,-,-
src.test.java.com.jsoniter.TestSkip,138e771f8c00516085c0713e9b35d2f2b080ee20,2.0,5.0,2.0,0.0,8.0,10.0,5.0,5.0,0.0,0.0,0.0,0.0,5.0,45.0,false,false,false,false,false,false,0.0,0.0,0.0,0.0,0.0,0.0,0.0,0.0,0.0,0.0,0.0,0.0,0.0,0.0,0.0,0.017,0.0,0.0,-0.01646,0.06773,0.017,0.017,0.0,0.0,0.0,0.0,0.017,-0.06582,false,false,false,false,false,false,false,false,false,false,false,false,-,-,-,-,-,-,-,-,-,-,-,-,-,-,-,-,-,-,false,false,false,false,false,false,false,false,false,false,false,false,-,-,-,-,-,-,-,-,-,-,-,-,-,-,-,-,-,-,-,-,-,-,-,-,-,-,-,-,-,-,-,-,-,-,-,-,-,-,-,-,-,-
src.main.java.com.jsoniter.CodegenImplMap,138e771f8c00516085c0713e9b35d2f2b080ee20,0.0,2.0,1.0,0.0,6.0,1.0,2.0,1.0,2.0,0.0,0.0,0.0,14.0,28.0,false,false,false,false,false,false,0.0,-1.01818,0.0,0.0,0.0,0.0,0.0,0.0,0.0,0.0,0.0,0.0,0.0,-2.16364,0.0,-0.20901,0.0,0.0,0.0,0.0,0.0,0.0,0.0,0.0,0.0,0.0,0.20991,-0.23423,false,false,false,false,false,false,false,false,false,false,false,false,-,-,-,-,-,-,-,-,-,-,-,-,-,-,-,-,-,-,false,false,false,false,false,false,false,false,false,false,false,false,-,-,-,-,-,-,-,-,-,-,-,-,-,-,-,-,-,-,-,-,-,-,-,-,-,-,-,-,-,-,-,-,-,-,-,-,-,-,-,-,-,-
src.main.java.com.jsoniter.ReflectionObjectDecoder,138e771f8c00516085c0713e9b35d2f2b080ee20,7.0,140.0,1.0,0.0,46.0,13.0,17.0,3.0,0.0,9.0,0.0,1.0,26.0,353.0,false,false,false,false,false,false,0.0,0.0,0.0,0.0,0.0,0.0,0.0,0.0,0.0,0.0,0.0,0.0,0.0,0.0,0.0,0.0,0.0,0.0,0.0,0.0,0.0,0.0,0.0,0.0,0.0,0.0,0.0,0.0,false,false,false,false,false,false,false,false,false,false,false,false,-,-,-,-,-,-,-,-,-,-,-,-,-,-,-,-,-,-,false,false,false,false,false,false,false,false,false,false,false,false,-,-,-,-,-,-,-,-,-,-,-,-,-,-,-,-,-,-,-,-,-,-,-,-,-,-,-,-,-,-,-,-,-,-,-,-,-,-,-,-,-,-
src.main.java.com.jsoniter.spi.Encoder,138e771f8c00516085c0713e9b35d2f2b080ee20,1.0,1.0,1.0,0.0,0.0,0.0,1.0,0.0,0.0,0.0,0.0,0.0,0.0,6.0,false,false,false,false,false,false,0.0,0.0,0.0,0.0,0.0,0.0,0.0,0.0,0.0,0.0,0.0,0.0,0.0,0.0,0.0,0.0,0.0,0.0,0.0,0.0,0.0,0.0,0.0,0.0,0.0,0.0,0.0,0.0,false,false,false,false,false,false,false,false,false,false,false,false,-,-,-,-,-,-,-,-,-,-,-,-,-,-,-,-,-,-,false,false,false,false,false,false,false,false,false,false,false,false,-,-,-,-,-,-,-,-,-,-,-,-,-,-,-,-,-,-,-,-,-,-,-,-,-,-,-,-,-,-,-,-,-,-,-,-,-,-,-,-,-,-
demo.src.main.java.decoder.java.util.Map_java.lang.String_java.lang.Object,138e771f8c00516085c0713e9b35d2f2b080ee20,2.0,9.0,1.0,0.0,8.0,1.0,2.0,2.0,1.0,0.0,0.0,0.0,6.0,19.0,false,false,false,false,false,false,0.0,0.0,0.0,0.0,0.0,0.0,0.0,0.0,0.0,0.0,0.0,0.0,0.0,0.0,0.0,0.0,0.0,0.0,0.0,0.0,0.0,0.0,0.0,0.0,0.0,0.0,0.0,0.0,fileNotPresentInCommit,fileNotPresentInCommit,fileNotPresentInCommit,fileNotPresentInCommit,fileNotPresentInCommit,fileNotPresentInCommit,false,false,false,false,false,false,-,-,-,-,-,-,-,-,-,-,-,-,-,-,-,-,-,-,false,false,false,false,false,false,false,false,false,false,false,false,-,-,-,-,-,-,-,-,-,-,-,-,-,-,-,-,-,-,-,-,-,-,-,-,-,-,-,-,-,-,-,-,-,-,-,-,-,-,-,-,-,-
src.main.java.com.jsoniter.CodegenImplArray,138e771f8c00516085c0713e9b35d2f2b080ee20,0.0,10.0,1.0,0.0,13.0,10.0,5.0,2.0,5.0,1.0,0.0,1.0,112.0,153.0,false,false,false,false,false,false,0.0,-0.77576,0.0,0.0,0.0,0.0,0.0,0.0,0.0,0.0,0.0,0.0,0.12727,-1.32727,0.0,-0.13388,0.0,0.0,0.0,0.0,0.0,0.0,0.0,0.0,0.0,0.0,-0.06765,-0.31867,false,false,false,false,false,false,false,false,false,false,false,false,-,-,-,-,-,-,-,-,-,-,-,-,-,-,-,-,-,-,false,false,false,false,false,false,false,false,false,false,false,false,-,-,-,-,-,-,-,-,-,-,-,-,-,-,-,-,-,-,-,-,-,-,-,-,-,-,-,-,-,-,-,-,-,-,-,-,-,-,-,-,-,-
demo.src.test.java.com.jsoniter.demo.ListBinding,138e771f8c00516085c0713e9b35d2f2b080ee20,16.0,9.0,1.0,0.0,16.0,28.0,9.0,6.0,1.0,7.0,0.0,0.0,2.0,76.0,false,false,false,false,false,false,0.0,0.0,0.0,0.0,0.0,0.0,0.0,0.0,0.0,0.0,0.0,0.0,0.0,0.0,0.0,0.0,0.0,0.0,0.0,0.0,0.0,0.0,0.0,0.0,0.0,0.0,0.0,0.0,false,false,false,false,false,false,false,false,false,false,false,false,-,-,-,-,-,-,-,-,-,-,-,-,-,-,-,-,-,-,false,false,false,false,false,false,false,false,false,false,false,false,-,-,-,-,-,-,-,-,-,-,-,-,-,-,-,-,-,-,-,-,-,-,-,-,-,-,-,-,-,-,-,-,-,-,-,-,-,-,-,-,-,-
src.main.java.com.jsoniter.spi.CodegenConfig,138e771f8c00516085c0713e9b35d2f2b080ee20,1.0,2.0,1.0,0.0,0.0,1.0,2.0,0.0,0.0,0.0,0.0,0.0,0.0,13.0,false,false,false,false,false,false,0.0,0.0,0.0,0.0,0.0,0.0,0.0,0.0,0.0,0.0,0.0,0.0,0.0,0.0,0.0,0.0,0.0,0.0,0.0,0.0,0.0,0.0,0.0,0.0,0.0,0.0,0.0,0.0,false,false,false,false,false,false,false,false,false,false,false,false,-,-,-,-,-,-,-,-,-,-,-,-,-,-,-,-,-,-,false,false,false,false,false,false,false,false,false,false,false,false,-,-,-,-,-,-,-,-,-,-,-,-,-,-,-,-,-,-,-,-,-,-,-,-,-,-,-,-,-,-,-,-,-,-,-,-,-,-,-,-,-,-
src.test.java.com.jsoniter.TestSlice,138e771f8c00516085c0713e9b35d2f2b080ee20,3.0,4.0,2.0,0.0,10.0,6.0,4.0,4.0,0.0,0.0,0.0,0.0,7.0,29.0,false,false,false,false,false,false,0.0,0.0,0.0,0.0,0.0,0.0,0.0,0.0,0.0,0.0,0.0,0.0,0.0,0.0,0.0,0.01303,0.0,0.0,0.05211,0.03908,0.01303,0.01303,0.0,0.0,0.0,0.0,0.03908,0.05211,false,false,false,false,false,false,false,false,false,false,false,false,-,-,-,-,-,-,-,-,-,-,-,-,-,-,-,-,-,-,false,false,false,false,false,false,false,false,false,false,false,false,-,-,-,-,-,-,-,-,-,-,-,-,-,-,-,-,-,-,-,-,-,-,-,-,-,-,-,-,-,-,-,-,-,-,-,-,-,-,-,-,-,-
src.main.java.com.jsoniter.IterImplNumber,138e771f8c00516085c0713e9b35d2f2b080ee20,4.0,123.0,1.0,0.0,16.0,49.0,14.0,10.0,14.0,1.0,0.0,1.0,25.0,310.0,false,false,false,false,false,false,0.0,0.0,0.0,0.0,0.0,0.0,0.0,0.0,0.0,0.0,0.0,0.0,0.0,0.0,0.02881,0.0,0.0,0.0,0.0,0.0,0.0,0.0,0.0,0.0,0.0,0.0,0.0,0.0,false,false,false,false,false,false,false,false,false,false,false,false,-,-,-,-,-,-,-,-,-,-,-,-,-,-,-,-,-,-,false,false,false,false,false,false,false,false,false,false,false,false,-,-,-,-,-,-,-,-,-,-,-,-,-,-,-,-,-,-,-,-,-,-,-,-,-,-,-,-,-,-,-,-,-,-,-,-,-,-,-,-,-,-
src.main.java.com.jsoniter.output.CodegenImplObject,138e771f8c00516085c0713e9b35d2f2b080ee20,3.0,11.0,1.0,0.0,13.0,3.0,3.0,1.0,3.0,0.0,0.0,0.0,17.0,44.0,false,false,false,false,false,false,0.0,0.0,0.0,0.0,0.0,0.0,0.0,0.0,0.0,0.0,0.0,0.0,0.0,0.0,0.06686,0.17568,0.0,0.0,0.0908,0.06686,0.03343,0.0,0.03343,0.0,0.0,0.0,0.1202,0.37838,false,false,false,false,false,false,false,false,false,false,false,false,-,-,-,-,-,-,-,-,-,-,-,-,-,-,-,-,-,-,false,false,false,false,false,false,false,false,false,false,false,false,-,-,-,-,-,-,-,-,-,-,-,-,-,-,-,-,-,-,-,-,-,-,-,-,-,-,-,-,-,-,-,-,-,-,-,-,-,-,-,-,-,-
src.test.java.com.jsoniter.TestIO,138e771f8c00516085c0713e9b35d2f2b080ee20,2.0,3.0,2.0,0.0,6.0,3.0,3.0,3.0,0.0,0.0,0.0,0.0,3.0,29.0,false,false,false,false,false,false,0.0,0.0,0.0,0.0,0.0,0.0,0.0,0.0,0.0,0.0,0.0,0.0,0.0,0.0,0.0,0.0,0.0,0.0,0.0,0.0,0.0,0.0,0.0,0.0,0.0,0.0,0.0,-0.01673,false,false,false,false,false,false,false,false,false,false,false,false,-,-,-,-,-,-,-,-,-,-,-,-,-,-,-,-,-,-,false,false,false,false,false,false,false,false,false,false,false,false,-,-,-,-,-,-,-,-,-,-,-,-,-,-,-,-,-,-,-,-,-,-,-,-,-,-,-,-,-,-,-,-,-,-,-,-,-,-,-,-,-,-
src.test.java.com.jsoniter.TestObject,138e771f8c00516085c0713e9b35d2f2b080ee20,7.0,8.0,2.0,0.0,25.0,19.0,7.0,7.0,0.0,1.0,1.0,0.0,8.0,83.0,false,false,false,false,false,false,0.0,0.0,0.0,0.0,0.0,0.0,0.0,0.0,0.0,0.0,0.0,0.0,0.0,0.0,0.08412,0.1011,0.0,0.0,0.28117,0.30139,0.08412,0.08412,0.0,0.01802,0.01802,0.0,0.09196,1.13105,false,false,false,false,false,false,false,false,false,false,false,false,-,-,-,-,-,-,-,-,-,-,-,-,-,-,-,-,-,-,false,false,false,false,false,false,false,false,false,false,false,false,-,-,-,-,-,-,-,-,-,-,-,-,-,-,-,-,-,-,-,-,-,-,-,-,-,-,-,-,-,-,-,-,-,-,-,-,-,-,-,-,-,-
demo.src.test.java.com.jsoniter.demo.ConstructorBinding,138e771f8c00516085c0713e9b35d2f2b080ee20,18.0,17.0,1.0,0.0,19.0,45.0,11.0,9.0,1.0,8.0,0.0,0.0,7.0,107.0,false,false,false,false,false,false,-0.14545,0.0,0.0,0.0,0.14545,0.0,0.0,0.0,0.0,0.0,0.0,0.0,0.29091,0.0,-0.13636,0.0,0.0,0.0,0.13636,0.0,0.0,0.0,0.0,0.0,0.0,0.0,0.27273,0.0,false,false,false,false,false,false,false,false,false,false,false,false,-,-,-,-,-,-,-,-,-,-,-,-,-,-,-,-,-,-,false,false,false,false,false,false,false,false,false,false,false,false,-,-,-,-,-,-,-,-,-,-,-,-,-,-,-,-,-,-,-,-,-,-,-,-,-,-,-,-,-,-,-,-,-,-,-,-,-,-,-,-,-,-
src.main.java.com.jsoniter.spi.Binding,138e771f8c00516085c0713e9b35d2f2b080ee20,7.0,35.0,1.0,0.0,17.0,1.0,7.0,5.0,2.0,16.0,16.0,0.0,6.0,101.0,true,false,true,false,false,false,0.0,0.0,0.0,0.0,0.0,0.0,0.0,0.0,0.0,0.14545,0.14545,0.0,0.0,0.43636,0.11976,0.75484,0.0,0.0,0.51895,0.04718,0.14153,0.04718,0.09435,0.20887,0.20887,0.0,0.28306,2.16976,true,false,true,false,false,false,true,false,true,false,false,false,-,-,-,-,-,-,-,-,-,-,-,-,-,-,-,-,-,-,true,false,true,false,false,false,true,false,true,false,false,false,-,-,-,-,-,-,-,-,-,-,-,-,-,-,-,-,-,-,-,-,-,-,-,-,-,-,-,-,-,-,-,-,-,-,-,-,-,-,-,-,-,-
src.main.java.com.jsoniter.spi.SetterDescriptor,138e771f8c00516085c0713e9b35d2f2b080ee20,1.0,0.0,1.0,0.0,0.0,0.0,0.0,0.0,0.0,3.0,3.0,0.0,0.0,16.0,false,false,false,false,false,false,0.0,0.0,0.0,0.0,0.0,0.0,0.0,0.0,0.0,0.0,0.0,0.0,0.0,0.0,0.0,0.0,0.0,0.0,0.0,0.0,0.0,0.0,0.0,0.0,0.0,0.0,0.0,0.0,fileNotPresentInCommit,fileNotPresentInCommit,fileNotPresentInCommit,fileNotPresentInCommit,fileNotPresentInCommit,fileNotPresentInCommit,fileNotPresentInCommit,fileNotPresentInCommit,fileNotPresentInCommit,fileNotPresentInCommit,fileNotPresentInCommit,fileNotPresentInCommit,-,-,-,-,-,-,-,-,-,-,-,-,-,-,-,-,-,-,fileNotPresentInCommit,fileNotPresentInCommit,fileNotPresentInCommit,fileNotPresentInCommit,fileNotPresentInCommit,fileNotPresentInCommit,fileNotPresentInCommit,fileNotPresentInCommit,fileNotPresentInCommit,fileNotPresentInCommit,fileNotPresentInCommit,fileNotPresentInCommit,-,-,-,-,-,-,-,-,-,-,-,-,-,-,-,-,-,-,-,-,-,-,-,-,-,-,-,-,-,-,-,-,-,-,-,-,-,-,-,-,-,-
demo.src.main.java.com.jsoniter.demo.DemoCodegenConfig,138e771f8c00516085c0713e9b35d2f2b080ee20,9.0,4.0,1.0,0.0,6.0,6.0,3.0,3.0,1.0,0.0,0.0,0.0,5.0,40.0,false,false,false,false,false,false,0.0,0.0,0.0,0.0,0.0,0.0,0.0,0.0,0.0,0.0,0.0,0.0,0.0,0.0,0.0,0.0,0.0,0.0,0.0,0.0,0.0,0.0,0.0,0.0,0.0,0.0,0.0,0.0,false,false,false,false,false,false,false,false,false,false,false,false,-,-,-,-,-,-,-,-,-,-,-,-,-,-,-,-,-,-,false,false,false,false,false,false,false,false,false,false,false,false,-,-,-,-,-,-,-,-,-,-,-,-,-,-,-,-,-,-,-,-,-,-,-,-,-,-,-,-,-,-,-,-,-,-,-,-,-,-,-,-,-,-
demo.src.main.java.decoder.java.util.List_java.lang.Integer,138e771f8c00516085c0713e9b35d2f2b080ee20,2.0,18.0,1.0,0.0,9.0,1.0,2.0,2.0,1.0,0.0,0.0,0.0,17.0,42.0,false,false,false,false,false,false,0.0,0.0,0.0,0.0,0.0,0.0,0.0,0.0,0.0,0.0,0.0,0.0,0.0,0.0,0.0,0.0,0.0,0.0,0.0,0.0,0.0,0.0,0.0,0.0,0.0,0.0,0.0,0.0,fileNotPresentInCommit,fileNotPresentInCommit,fileNotPresentInCommit,fileNotPresentInCommit,fileNotPresentInCommit,fileNotPresentInCommit,false,false,false,false,false,false,-,-,-,-,-,-,-,-,-,-,-,-,-,-,-,-,-,-,false,false,false,false,false,false,false,false,false,false,false,false,-,-,-,-,-,-,-,-,-,-,-,-,-,-,-,-,-,-,-,-,-,-,-,-,-,-,-,-,-,-,-,-,-,-,-,-,-,-,-,-,-,-
src.test.java.com.jsoniter.output.TestCustomizeType,138e771f8c00516085c0713e9b35d2f2b080ee20,4.0,3.0,2.0,0.0,7.0,1.0,2.0,2.0,0.0,3.0,0.0,0.0,1.0,32.0,false,false,false,false,false,false,0.0,0.0,0.0,0.0,0.0,0.0,0.0,0.0,0.0,0.0,0.0,0.0,0.0,0.0,0.0,0.01314,0.0,0.0,0.05255,0.0,0.01314,0.01314,0.0,0.02627,0.0,0.0,0.0,0.15764,false,false,false,false,false,false,false,false,false,false,false,false,-,-,-,-,-,-,-,-,-,-,-,-,-,-,-,-,-,-,false,false,false,false,false,false,false,false,false,false,false,false,-,-,-,-,-,-,-,-,-,-,-,-,-,-,-,-,-,-,-,-,-,-,-,-,-,-,-,-,-,-,-,-,-,-,-,-,-,-,-,-,-,-
src.test.java.com.jsoniter.TestArray,138e771f8c00516085c0713e9b35d2f2b080ee20,8.0,9.0,2.0,0.0,22.0,28.0,8.0,8.0,0.0,0.0,0.0,0.0,13.0,149.0,false,false,false,false,false,false,0.08485,0.05455,0.0,0.0,0.09697,0.0,0.0,0.0,0.0,0.0,0.0,0.0,0.13939,0.16364,0.09249,6.9E-4,0.0,0.0,0.25225,-0.05495,-0.00646,-0.00646,0.0,0.0,0.0,0.0,0.07508,1.4674,false,false,false,false,false,false,false,false,false,false,false,false,-,-,-,-,-,-,-,-,-,-,-,-,-,-,-,-,-,-,false,false,false,false,false,false,false,false,false,false,false,false,-,-,-,-,-,-,-,-,-,-,-,-,-,-,-,-,-,-,-,-,-,-,-,-,-,-,-,-,-,-,-,-,-,-,-,-,-,-,-,-,-,-
src.test.java.com.jsoniter.TestNested,138e771f8c00516085c0713e9b35d2f2b080ee20,4.0,3.0,2.0,0.0,8.0,0.0,1.0,1.0,0.0,0.0,0.0,0.0,1.0,24.0,false,false,false,false,false,false,0.0,0.0,0.0,0.0,0.0,0.0,0.0,0.0,0.0,0.0,0.0,0.0,0.0,0.0,0.01673,0.0,0.0,0.0,0.06691,0.0,0.0,0.0,0.0,0.0,0.0,0.0,0.0,0.05018,false,false,false,false,false,false,false,false,false,false,false,false,-,-,-,-,-,-,-,-,-,-,-,-,-,-,-,-,-,-,false,false,false,false,false,false,false,false,false,false,false,false,-,-,-,-,-,-,-,-,-,-,-,-,-,-,-,-,-,-,-,-,-,-,-,-,-,-,-,-,-,-,-,-,-,-,-,-,-,-,-,-,-,-
src.test.java.com.jsoniter.TestExisting,138e771f8c00516085c0713e9b35d2f2b080ee20,6.0,6.0,2.0,0.0,11.0,8.0,5.0,5.0,0.0,4.0,4.0,0.0,9.0,58.0,false,false,false,false,false,false,0.0,0.0,0.0,0.0,0.0,0.0,0.0,0.0,0.0,0.0,0.0,0.0,0.0,0.0,0.0,0.0,0.0,0.0,0.0,0.0,0.0,0.0,0.0,0.0,0.0,0.0,0.0,0.03152,false,false,false,false,false,false,false,false,false,false,false,false,-,-,-,-,-,-,-,-,-,-,-,-,-,-,-,-,-,-,false,false,false,false,false,false,false,false,false,false,false,false,-,-,-,-,-,-,-,-,-,-,-,-,-,-,-,-,-,-,-,-,-,-,-,-,-,-,-,-,-,-,-,-,-,-,-,-,-,-,-,-,-,-
src.test.java.com.jsoniter.TestWhatIsNext,138e771f8c00516085c0713e9b35d2f2b080ee20,2.0,1.0,2.0,0.0,3.0,0.0,1.0,1.0,0.0,0.0,0.0,0.0,1.0,9.0,false,false,false,false,false,false,0.0,0.0,0.0,0.0,0.0,0.0,0.0,0.0,0.0,0.0,0.0,0.0,0.0,0.0,0.0,0.0,0.0,0.0,0.0,0.0,0.0,0.0,0.0,0.0,0.0,0.0,0.0,-0.03346,false,false,false,false,false,false,false,false,false,false,false,false,-,-,-,-,-,-,-,-,-,-,-,-,-,-,-,-,-,-,false,false,false,false,false,false,false,false,false,false,false,false,-,-,-,-,-,-,-,-,-,-,-,-,-,-,-,-,-,-,-,-,-,-,-,-,-,-,-,-,-,-,-,-,-,-,-,-,-,-,-,-,-,-
demo.src.main.java.com.jsoniter.demo.User,138e771f8c00516085c0713e9b35d2f2b080ee20,0.0,0.0,1.0,0.0,0.0,0.0,0.0,0.0,0.0,3.0,3.0,0.0,0.0,6.0,false,false,false,false,false,false,0.0,0.0,0.0,0.0,0.0,0.0,0.0,0.0,0.0,0.0,0.0,0.0,0.0,0.0,0.0,0.0,0.0,0.0,0.0,0.0,0.0,0.0,0.0,0.0,0.0,0.0,0.0,0.0,false,false,false,false,false,false,false,false,false,false,false,false,-,-,-,-,-,-,-,-,-,-,-,-,-,-,-,-,-,-,false,false,false,false,false,false,false,false,false,false,false,false,-,-,-,-,-,-,-,-,-,-,-,-,-,-,-,-,-,-,-,-,-,-,-,-,-,-,-,-,-,-,-,-,-,-,-,-,-,-,-,-,-,-
src.main.java.com.jsoniter.spi.TypeLiteral,138e771f8c00516085c0713e9b35d2f2b080ee20,4.0,33.0,1.0,0.0,18.0,6.0,13.0,9.0,6.0,5.0,1.0,1.0,12.0,162.0,false,false,false,false,false,false,0.0,0.0,0.0,0.0,0.0,0.0,0.0,0.0,0.0,0.0,0.0,0.0,0.0,0.0,0.11357,0.37986,0.0,0.0,0.16284,0.28079,0.08675,0.08675,0.01998,0.11357,0.0468,0.0468,0.15846,3.28106,false,false,false,false,false,false,false,false,false,false,false,false,-,-,-,-,-,-,-,-,-,-,-,-,-,-,-,-,-,-,false,false,false,false,false,false,false,false,false,false,false,false,-,-,-,-,-,-,-,-,-,-,-,-,-,-,-,-,-,-,-,-,-,-,-,-,-,-,-,-,-,-,-,-,-,-,-,-,-,-,-,-,-,-
src.main.java.com.jsoniter.DecodingMode,138e771f8c00516085c0713e9b35d2f2b080ee20,0.0,0.0,1.0,0.0,0.0,0.0,0.0,0.0,0.0,0.0,0.0,0.0,0.0,19.0,false,false,false,false,false,false,0.0,0.0,0.0,0.0,0.0,0.0,0.0,0.0,0.0,0.0,0.0,0.0,0.0,0.0,0.0,0.0,0.0,0.0,0.0,0.0,0.0,0.0,0.0,0.0,0.0,0.0,0.0,0.0,false,false,false,false,false,false,false,false,false,false,false,false,-,-,-,-,-,-,-,-,-,-,-,-,-,-,-,-,-,-,false,false,false,false,false,false,false,false,false,false,false,false,-,-,-,-,-,-,-,-,-,-,-,-,-,-,-,-,-,-,-,-,-,-,-,-,-,-,-,-,-,-,-,-,-,-,-,-,-,-,-,-,-,-
demo.src.main.java.decoder.com.jsoniter.demo.User,138e771f8c00516085c0713e9b35d2f2b080ee20,3.0,14.0,1.0,0.0,10.0,1.0,2.0,2.0,1.0,0.0,0.0,0.0,10.0,37.0,false,false,false,false,false,false,0.0,0.0,0.0,0.0,0.0,0.0,0.0,0.0,0.0,0.0,0.0,0.0,0.0,0.0,0.0,0.0,0.0,0.0,0.0,0.0,0.0,0.0,0.0,0.0,0.0,0.0,0.0,0.0,fileNotPresentInCommit,fileNotPresentInCommit,fileNotPresentInCommit,fileNotPresentInCommit,fileNotPresentInCommit,fileNotPresentInCommit,false,false,false,false,false,false,-,-,-,-,-,-,-,-,-,-,-,-,-,-,-,-,-,-,false,false,false,false,false,false,false,false,false,false,false,false,-,-,-,-,-,-,-,-,-,-,-,-,-,-,-,-,-,-,-,-,-,-,-,-,-,-,-,-,-,-,-,-,-,-,-,-,-,-,-,-,-,-
src.main.java.com.jsoniter.spi.ConstructorDescriptor,138e771f8c00516085c0713e9b35d2f2b080ee20,1.0,1.0,1.0,0.0,0.0,0.0,1.0,1.0,0.0,4.0,4.0,0.0,0.0,29.0,false,false,false,false,false,false,0.0,0.0,0.0,0.0,0.0,0.0,0.0,0.0,0.0,0.0,0.0,0.0,0.0,0.0,0.0,0.04234,0.0,0.0,0.0,0.0,0.04234,0.04234,0.0,0.0,0.0,0.0,0.0,0.38105,false,false,false,false,false,false,false,false,false,false,false,false,-,-,-,-,-,-,-,-,-,-,-,-,-,-,-,-,-,-,false,false,false,false,false,false,false,false,false,false,false,false,-,-,-,-,-,-,-,-,-,-,-,-,-,-,-,-,-,-,-,-,-,-,-,-,-,-,-,-,-,-,-,-,-,-,-,-,-,-,-,-,-,-
demo.src.test.java.com.jsoniter.demo.ObjectOutput,138e771f8c00516085c0713e9b35d2f2b080ee20,14.0,6.0,1.0,0.0,16.0,0.0,6.0,6.0,1.0,9.0,2.0,0.0,1.0,76.0,false,false,false,false,false,false,0.0,0.0,0.0,0.0,0.0,0.0,0.0,0.0,0.0,0.0,0.0,0.0,0.0,0.0,0.0,0.0,0.0,0.0,0.0,0.0,0.0,0.0,0.0,0.0,0.0,0.0,0.0,0.0,false,false,false,false,false,false,false,false,false,false,false,false,-,-,-,-,-,-,-,-,-,-,-,-,-,-,-,-,-,-,fileNotPresentInCommit,fileNotPresentInCommit,fileNotPresentInCommit,fileNotPresentInCommit,fileNotPresentInCommit,fileNotPresentInCommit,fileNotPresentInCommit,fileNotPresentInCommit,fileNotPresentInCommit,fileNotPresentInCommit,fileNotPresentInCommit,fileNotPresentInCommit,-,-,-,-,-,-,-,-,-,-,-,-,-,-,-,-,-,-,-,-,-,-,-,-,-,-,-,-,-,-,-,-,-,-,-,-,-,-,-,-,-,-
src.main.java.com.jsoniter.output.StreamImplString,138e771f8c00516085c0713e9b35d2f2b080ee20,2.0,26.0,1.0,0.0,4.0,1.0,2.0,1.0,2.0,1.0,0.0,1.0,1.0,92.0,false,false,false,false,false,false,0.0,0.0,0.0,0.0,0.0,0.0,0.0,0.0,0.0,0.0,0.0,0.0,0.0,0.0,0.0,0.0,0.0,0.0,0.0,0.0,0.0,0.0,0.0,0.0,0.0,0.0,0.0,0.0,false,false,false,false,false,false,false,false,false,false,false,false,-,-,-,-,-,-,-,-,-,-,-,-,-,-,-,-,-,-,false,false,false,false,false,false,false,false,false,false,false,false,-,-,-,-,-,-,-,-,-,-,-,-,-,-,-,-,-,-,-,-,-,-,-,-,-,-,-,-,-,-,-,-,-,-,-,-,-,-,-,-,-,-
src.test.java.com.jsoniter.TestAny,138e771f8c00516085c0713e9b35d2f2b080ee20,3.0,15.0,2.0,0.0,14.0,21.0,7.0,7.0,0.0,0.0,0.0,0.0,1.0,67.0,false,false,false,false,false,false,0.0,0.0,0.0,0.0,0.0,0.0,0.0,0.0,0.0,0.0,0.0,0.0,0.0,0.0,0.0,0.02145,0.0,0.0,0.0143,0.0429,0.00715,0.00715,0.0,0.0,0.0,0.0,0.00715,0.10011,fileNotPresentInCommit,fileNotPresentInCommit,fileNotPresentInCommit,fileNotPresentInCommit,fileNotPresentInCommit,fileNotPresentInCommit,fileNotPresentInCommit,fileNotPresentInCommit,fileNotPresentInCommit,fileNotPresentInCommit,fileNotPresentInCommit,fileNotPresentInCommit,-,-,-,-,-,-,-,-,-,-,-,-,-,-,-,-,-,-,fileNotPresentInCommit,fileNotPresentInCommit,fileNotPresentInCommit,fileNotPresentInCommit,fileNotPresentInCommit,fileNotPresentInCommit,fileNotPresentInCommit,fileNotPresentInCommit,fileNotPresentInCommit,fileNotPresentInCommit,fileNotPresentInCommit,fileNotPresentInCommit,-,-,-,-,-,-,-,-,-,-,-,-,-,-,-,-,-,-,-,-,-,-,-,-,-,-,-,-,-,-,-,-,-,-,-,-,-,-,-,-,-,-
src.main.java.com.jsoniter.JsonException,138e771f8c00516085c0713e9b35d2f2b080ee20,0.0,5.0,4.0,0.0,0.0,10.0,5.0,5.0,0.0,0.0,0.0,0.0,0.0,17.0,false,false,false,false,false,false,0.0,0.0,0.0,0.0,0.0,0.0,0.0,0.0,0.0,0.0,0.0,0.0,0.0,0.0,0.0,0.0,0.0,0.0,0.0,0.0,0.0,0.0,0.0,0.0,0.0,0.0,0.0,0.0,false,false,false,false,false,false,fileNotPresentInCommit,fileNotPresentInCommit,fileNotPresentInCommit,fileNotPresentInCommit,fileNotPresentInCommit,fileNotPresentInCommit,-,-,-,-,-,-,-,-,-,-,-,-,-,-,-,-,-,-,fileNotPresentInCommit,fileNotPresentInCommit,fileNotPresentInCommit,fileNotPresentInCommit,fileNotPresentInCommit,fileNotPresentInCommit,fileNotPresentInCommit,fileNotPresentInCommit,fileNotPresentInCommit,fileNotPresentInCommit,fileNotPresentInCommit,fileNotPresentInCommit,-,-,-,-,-,-,-,-,-,-,-,-,-,-,-,-,-,-,-,-,-,-,-,-,-,-,-,-,-,-,-,-,-,-,-,-,-,-,-,-,-,-
src.test.java.com.jsoniter.ComplexObject,138e771f8c00516085c0713e9b35d2f2b080ee20,1.0,0.0,1.0,0.0,0.0,0.0,0.0,0.0,0.0,3.0,3.0,0.0,0.0,7.0,false,false,false,false,false,false,0.0,0.0,0.0,0.0,0.0,0.0,0.0,0.0,0.0,0.0,0.0,0.0,0.0,0.0,0.0,0.0,0.0,0.0,0.0,0.0,0.0,0.0,0.0,0.0,0.0,0.0,0.0,0.0,false,false,false,false,false,false,false,false,false,false,false,false,-,-,-,-,-,-,-,-,-,-,-,-,-,-,-,-,-,-,false,false,false,false,false,false,false,false,false,false,false,false,-,-,-,-,-,-,-,-,-,-,-,-,-,-,-,-,-,-,-,-,-,-,-,-,-,-,-,-,-,-,-,-,-,-,-,-,-,-,-,-,-,-
demo.src.test.java.com.jsoniter.demo.FloatOutput,138e771f8c00516085c0713e9b35d2f2b080ee20,11.0,6.0,1.0,0.0,15.0,0.0,6.0,6.0,1.0,5.0,0.0,0.0,0.0,63.0,false,false,false,false,false,false,0.0,0.0,0.0,0.0,0.0,0.0,0.0,0.0,0.0,0.0,0.0,0.0,0.0,0.0,0.0,0.0,0.0,0.0,0.0,0.0,0.0,0.0,0.0,0.0,0.0,0.0,0.0,0.0,false,false,false,false,false,false,false,false,false,false,false,false,-,-,-,-,-,-,-,-,-,-,-,-,-,-,-,-,-,-,false,false,false,false,false,false,false,false,false,false,false,false,-,-,-,-,-,-,-,-,-,-,-,-,-,-,-,-,-,-,-,-,-,-,-,-,-,-,-,-,-,-,-,-,-,-,-,-,-,-,-,-,-,-
src.main.java.com.jsoniter.CodegenImplNative,138e771f8c00516085c0713e9b35d2f2b080ee20,3.0,36.0,1.0,0.0,25.0,4.0,5.0,4.0,5.0,1.0,0.0,1.0,4.0,98.0,false,false,false,false,false,false,0.0,0.0,0.0,0.0,0.0,0.0,0.0,0.0,0.0,0.0,0.0,0.0,0.0,0.0,-0.18306,-1.11633,0.0,0.0,-0.1851,-0.23418,-0.03184,-0.01194,-0.03184,0.0,0.0,0.0,-0.55786,-2.00102,false,false,false,false,false,false,false,false,false,false,false,false,-,-,-,-,-,-,-,-,-,-,-,-,-,-,-,-,-,-,false,false,false,false,false,false,false,false,false,false,false,false,-,-,-,-,-,-,-,-,-,-,-,-,-,-,-,-,-,-,-,-,-,-,-,-,-,-,-,-,-,-,-,-,-,-,-,-,-,-,-,-,-,-
src.main.java.com.jsoniter.ValueType,138e771f8c00516085c0713e9b35d2f2b080ee20,0.0,0.0,1.0,0.0,0.0,0.0,0.0,0.0,0.0,0.0,0.0,0.0,0.0,10.0,false,false,false,false,false,false,0.0,0.0,0.0,0.0,0.0,0.0,0.0,0.0,0.0,0.0,0.0,0.0,0.0,0.0,0.0,0.0,0.0,0.0,0.0,0.0,0.0,0.0,0.0,0.0,0.0,0.0,0.0,0.0,false,false,false,false,false,false,false,false,false,false,false,false,-,-,-,-,-,-,-,-,-,-,-,-,-,-,-,-,-,-,false,false,false,false,false,false,false,false,false,false,false,false,-,-,-,-,-,-,-,-,-,-,-,-,-,-,-,-,-,-,-,-,-,-,-,-,-,-,-,-,-,-,-,-,-,-,-,-,-,-,-,-,-,-
src.main.java.com.jsoniter.ReflectionMapDecoder,138e771f8c00516085c0713e9b35d2f2b080ee20,4.0,12.0,1.0,0.0,11.0,1.0,3.0,2.0,0.0,2.0,0.0,0.0,8.0,46.0,false,false,false,false,false,false,0.0,0.0,0.0,0.0,0.0,0.0,0.0,0.0,0.0,0.0,0.0,0.0,0.0,0.0,0.0,0.0,0.0,0.0,0.0,0.0,0.0,0.0,0.0,0.0,0.0,0.0,0.0,0.0,false,false,false,false,false,false,false,false,false,false,false,false,-,-,-,-,-,-,-,-,-,-,-,-,-,-,-,-,-,-,false,false,false,false,false,false,false,false,false,false,false,false,-,-,-,-,-,-,-,-,-,-,-,-,-,-,-,-,-,-,-,-,-,-,-,-,-,-,-,-,-,-,-,-,-,-,-,-,-,-,-,-,-,-
src.main.java.com.jsoniter.spi.Decoder,138e771f8c00516085c0713e9b35d2f2b080ee20,8.0,38.0,6.0,0.0,19.0,153.0,18.0,17.0,0.0,0.0,0.0,0.0,16.0,131.0,false,false,false,false,false,false,0.76364,3.18182,0.63636,0.0,0.89091,9.54545,0.63636,0.63636,0.0,0.0,0.0,0.0,1.27273,9.67273,0.05927,0.59274,-0.21169,0.0,0.62661,3.04839,0.25403,0.25403,0.0,0.0,0.0,0.0,0.42339,1.92218,false,false,false,false,false,false,false,false,false,false,false,false,-,-,-,-,-,-,-,-,-,-,-,-,-,-,-,-,-,-,false,false,false,false,false,false,false,false,false,false,false,false,-,-,-,-,-,-,-,-,-,-,-,-,-,-,-,-,-,-,-,-,-,-,-,-,-,-,-,-,-,-,-,-,-,-,-,-,-,-,-,-,-,-
